Size of Matrix,Square_Matrix_Multiply,Square_Matrix_Multiply_Recursive,Strassens_Method
2,0.000003579,0.00002970,0.00001438
4,0.000009977,0.000051624,0.000099641
8,0.000017001,0.00044852,0.000522793
16,0.000120341,0.001749324,0.001674491
32,0.000978665,0.010935897,0.01054739
64,0.002042041,0.104569205,0.071380365
128,0.001698992,0.621502938,0.387615886
256,0.030417922,4.447677065,2.834390298
512,0.301691109,33.439415141,19.175217589
1024,3.356380779,269.377907832,129.894191728
